start_timestamp,session_count,total_energy_kwh
2022-01-01,94,5024.4
2022-01-02,80,3861.3
2022-01-03,123,6250.3
2022-01-04,116,5620.4
2022-01-05,126,6104.1
2022-01-06,122,6041.6
2022-01-07,121,6105.7
2022-01-08,79,3593.9
2022-01-09,80,3934.2
2022-01-10,130,6425.7
2022-01-11,124,5964.1
2022-01-12,123,6020.5
2022-01-13,114,5646.3
2022-01-14,118,5889.6
2022-01-15,96,4750.1
2022-01-16,82,3958.0
2022-01-17,130,6381.0
2022-01-18,118,5765.6
2022-01-19,113,5561.2
2022-01-20,123,6144.7
2022-01-21,125,6132.4
2022-01-22,99,4743.7
2022-01-23,91,4522.5
2022-01-24,125,5805.2
2022-01-25,109,5031.9
2022-01-26,116,5906.0
2022-01-27,106,5342.8
2022-01-28,131,6416.0
2022-01-29,90,4704.1
2022-01-30,78,3790.9
2022-01-31,112,5728.1
2022-02-01,121,6167.4
2022-02-02,105,5371.5
2022-02-03,118,5808.2
2022-02-04,126,6382.2
2022-02-05,84,4291.1
2022-02-06,86,4376.0
2022-02-07,114,5366.4
2022-02-08,121,6226.7
2022-02-09,124,6017.5
2022-02-10,130,6851.1
2022-02-11,135,6669.3
2022-02-12,74,3593.2
2022-02-13,82,3965.5
2022-02-14,117,5848.2
2022-02-15,108,5356.5
2022-02-16,133,6775.8
2022-02-17,106,5388.0
2022-02-18,117,5742.3
2022-02-19,84,4183.0
2022-02-20,79,3911.0
2022-02-21,121,5718.6
2022-02-22,139,7395.6
2022-02-23,125,5980.9
2022-02-24,115,5680.1
2022-02-25,135,6985.5
2022-02-26,86,4450.9
2022-02-27,102,4942.5
2022-02-28,133,6263.9
2022-03-01,116,5804.8
2022-03-02,143,7071.5
2022-03-03,116,5529.4
2022-03-04,115,5690.6
2022-03-05,77,3846.4
2022-03-06,92,4482.7
2022-03-07,128,6274.4
2022-03-08,127,6204.0
2022-03-09,136,7011.7
2022-03-10,131,6749.8
2022-03-11,118,5731.2
2022-03-12,86,4114.7
2022-03-13,92,4447.2
2022-03-14,128,6401.6
2022-03-15,127,6310.8
2022-03-16,120,6446.8
2022-03-17,123,6016.4
2022-03-18,119,5530.8
2022-03-19,86,4285.6
2022-03-20,82,4240.1
2022-03-21,108,5087.3
2022-03-22,115,5871.9
2022-03-23,119,5502.1
2022-03-24,120,6529.8
2022-03-25,128,6509.5
2022-03-26,88,4447.2
2022-03-27,97,4716.6
2022-03-28,127,6374.1
2022-03-29,126,6177.3
2022-03-30,110,5461.7
2022-03-31,97,4810.2
2022-04-01,113,5486.8
2022-04-02,89,4594.4
2022-04-03,97,4595.6
2022-04-04,122,5936.3
2022-04-05,123,6028.3
2022-04-06,132,6529.7
2022-04-07,113,5467.4
2022-04-08,121,5891.1
2022-04-09,89,4473.7
2022-04-10,103,5224.9
2022-04-11,105,5136.7
2022-04-12,129,6152.2
2022-04-13,121,5891.6
2022-04-14,119,6030.8
2022-04-15,110,5449.9
2022-04-16,102,4993.3
2022-04-17,89,4190.8
2022-04-18,124,6049.8
2022-04-19,131,6267.8
2022-04-20,130,6237.0
2022-04-21,123,6056.6
2022-04-22,125,5986.2
2022-04-23,92,4559.9
2022-04-24,83,4352.4
2022-04-25,106,5346.9
2022-04-26,113,5435.7
2022-04-27,109,5039.2
2022-04-28,128,6559.7
2022-04-29,122,5940.4
2022-04-30,86,4136.2
2022-05-01,93,4716.9
2022-05-02,119,5660.9
2022-05-03,119,5941.8
2022-05-04,118,5988.5
2022-05-05,112,5406.3
2022-05-06,142,7047.3
2022-05-07,84,4207.2
2022-05-08,99,4960.2
2022-05-09,123,5853.3
2022-05-10,117,5721.9
2022-05-11,106,5220.3
2022-05-12,124,6063.4
2022-05-13,125,5984.0
2022-05-14,91,4429.9
2022-05-15,91,4514.7
2022-05-16,122,6010.0
2022-05-17,120,5793.1
2022-05-18,125,6277.4
2022-05-19,127,6360.0
2022-05-20,111,5433.2
2022-05-21,88,4513.8
2022-05-22,85,4346.7
2022-05-23,109,5818.3
2022-05-24,125,5860.5
2022-05-25,114,5757.1
2022-05-26,117,5713.6
2022-05-27,127,6377.5
2022-05-28,98,4869.8
2022-05-29,91,4177.4
2022-05-30,139,7016.4
2022-05-31,136,6782.6
2022-06-01,121,6202.7
2022-06-02,122,5921.3
2022-06-03,114,5552.6
2022-06-04,97,4796.1
2022-06-05,105,5506.7
2022-06-06,110,5662.8
2022-06-07,110,5591.2
2022-06-08,108,5132.9
2022-06-09,121,5972.1
2022-06-10,121,6415.5
2022-06-11,94,4764.1
2022-06-12,92,4640.4
2022-06-13,114,5699.7
2022-06-14,106,4880.6
2022-06-15,119,5686.1
2022-06-16,119,6108.5
2022-06-17,120,5932.8
2022-06-18,89,4295.2
2022-06-19,88,4147.9
2022-06-20,117,5724.2
2022-06-21,123,6150.7
2022-06-22,121,6008.5
2022-06-23,131,6484.1
2022-06-24,118,5971.4
2022-06-25,92,4529.5
2022-06-26,91,4527.9
2022-06-27,119,6004.0
2022-06-28,107,5067.7
2022-06-29,117,6013.3
2022-06-30,128,6153.6
2022-07-01,117,5675.5
2022-07-02,91,4618.1
2022-07-03,82,4088.3
2022-07-04,140,6944.5
2022-07-05,128,6246.6
2022-07-06,125,6412.3
2022-07-07,103,5232.8
2022-07-08,121,6092.8
2022-07-09,96,4619.3
2022-07-10,86,4022.2
2022-07-11,121,5720.2
2022-07-12,121,6038.7
2022-07-13,129,6820.7
2022-07-14,105,5112.6
2022-07-15,105,5439.1
2022-07-16,94,4695.8
2022-07-17,100,4952.2
2022-07-18,121,5715.1
2022-07-19,121,5810.2
2022-07-20,120,6125.3
2022-07-21,106,5180.7
2022-07-22,120,5662.9
2022-07-23,108,5527.3
2022-07-24,88,4227.5
2022-07-25,121,6039.6
2022-07-26,125,6502.5
2022-07-27,127,5913.5
2022-07-28,114,5345.3
2022-07-29,108,5378.4
2022-07-30,92,4495.2
2022-07-31,84,4061.0
2022-08-01,118,5724.8
2022-08-02,124,6243.7
2022-08-03,120,6157.1
2022-08-04,127,6711.8
2022-08-05,130,6308.0
2022-08-06,90,4321.2
2022-08-07,82,3992.2
2022-08-08,135,6697.7
2022-08-09,105,5263.1
2022-08-10,116,5594.0
2022-08-11,119,6093.0
2022-08-12,115,5627.9
2022-08-13,87,4278.1
2022-08-14,92,4533.8
2022-08-15,144,6965.1
2022-08-16,120,6079.6
2022-08-17,121,5716.9
2022-08-18,116,5991.4
2022-08-19,125,5920.8
2022-08-20,73,3428.0
2022-08-21,84,4163.9
2022-08-22,112,5809.8
2022-08-23,126,6480.2
2022-08-24,122,6280.3
2022-08-25,120,6169.3
2022-08-26,125,6147.9
2022-08-27,104,5183.5
2022-08-28,98,4938.9
2022-08-29,119,5839.4
2022-08-30,121,5820.7
2022-08-31,128,6625.2
2022-09-01,110,5495.9
2022-09-02,131,6693.2
2022-09-03,71,3793.6
2022-09-04,81,4083.7
2022-09-05,117,5592.7
2022-09-06,124,6080.9
2022-09-07,106,5162.6
2022-09-08,119,5899.9
2022-09-09,126,6067.2
2022-09-10,91,4375.0
2022-09-11,83,4097.5
2022-09-12,116,5881.0
2022-09-13,119,5671.9
2022-09-14,121,6254.1
2022-09-15,99,4828.2
2022-09-16,122,6211.7
2022-09-17,81,3810.1
2022-09-18,99,4728.4
2022-09-19,129,6301.7
2022-09-20,102,4819.4
2022-09-21,136,6831.9
2022-09-22,127,6348.5
2022-09-23,116,5618.9
2022-09-24,88,4362.9
2022-09-25,84,4232.9
2022-09-26,108,5330.6
2022-09-27,116,5977.9
2022-09-28,116,5815.0
2022-09-29,121,5797.3
2022-09-30,119,5735.7
2022-10-01,87,4222.1
2022-10-02,102,5241.3
2022-10-03,112,5699.2
2022-10-04,133,6650.5
2022-10-05,113,5752.8
2022-10-06,119,5953.6
2022-10-07,127,6124.5
2022-10-08,97,5121.4
2022-10-09,87,4449.4
2022-10-10,117,5554.7
2022-10-11,119,6174.3
2022-10-12,116,5641.3
2022-10-13,133,6555.5
2022-10-14,123,6169.3
2022-10-15,90,4520.3
2022-10-16,77,3779.4
2022-10-17,110,5416.5
2022-10-18,107,5196.6
2022-10-19,131,6519.6
2022-10-20,122,6087.7
2022-10-21,117,5753.4
2022-10-22,85,3881.4
2022-10-23,96,4798.6
2022-10-24,124,6428.1
2022-10-25,115,5436.2
2022-10-26,112,5386.5
2022-10-27,134,6592.9
2022-10-28,105,5254.4
2022-10-29,86,4041.7
2022-10-30,98,4884.2
2022-10-31,118,5558.6
2022-11-01,115,5736.8
2022-11-02,105,5147.2
2022-11-03,127,6793.9
2022-11-04,116,5997.3
2022-11-05,83,4206.5
2022-11-06,88,4599.0
2022-11-07,117,6141.8
2022-11-08,122,5860.9
2022-11-09,113,5610.8
2022-11-10,124,6203.6
2022-11-11,133,6665.8
2022-11-12,91,4578.6
2022-11-13,98,4703.4
2022-11-14,137,6897.3
2022-11-15,122,5905.5
2022-11-16,117,5878.8
2022-11-17,130,6503.7
2022-11-18,116,5972.0
2022-11-19,76,3723.5
2022-11-20,95,4726.3
2022-11-21,108,5365.1
2022-11-22,119,5837.8
2022-11-23,135,6443.2
2022-11-24,110,5257.8
2022-11-25,129,6599.3
2022-11-26,91,4294.0
2022-11-27,95,4552.6
2022-11-28,140,6845.3
2022-11-29,122,6218.3
2022-11-30,110,5798.7
2022-12-01,104,4929.6
2022-12-02,130,6393.1
2022-12-03,81,4226.9
2022-12-04,89,4382.7
2022-12-05,113,5715.8
2022-12-06,143,7291.7
2022-12-07,116,5804.5
2022-12-08,121,6048.3
2022-12-09,116,5763.6
2022-12-10,87,4482.6
2022-12-11,86,4113.7
2022-12-12,129,6302.2
2022-12-13,113,5477.0
2022-12-14,117,5874.7
2022-12-15,116,5406.6
2022-12-16,116,5823.0
2022-12-17,89,4499.8
2022-12-18,84,3940.9
2022-12-19,129,6112.8
2022-12-20,112,5373.3
2022-12-21,117,5382.7
2022-12-22,136,6434.8
2022-12-23,128,6440.5
2022-12-24,102,5120.5
2022-12-25,84,4069.5
2022-12-26,124,6008.8
2022-12-27,124,6506.4
2022-12-28,124,5826.3
2022-12-29,101,5167.5
2022-12-30,116,5843.3
2022-12-31,91,4467.5
2023-01-01,183,8499.6
2023-01-02,240,11565.7
2023-01-03,257,12003.1
2023-01-04,248,11864.3
2023-01-05,270,12787.8
2023-01-06,256,12033.0
2023-01-07,205,9606.1
2023-01-08,187,8833.7
2023-01-09,263,12369.3
2023-01-10,263,12951.8
2023-01-11,252,11762.7
2023-01-12,250,11575.4
2023-01-13,282,13052.1
2023-01-14,163,7690.9
2023-01-15,188,8555.7
2023-01-16,247,11935.7
2023-01-17,262,11950.9
2023-01-18,282,13287.3
2023-01-19,240,11307.6
2023-01-20,279,12779.9
2023-01-21,209,9948.0
2023-01-22,199,9433.6
2023-01-23,280,13181.4
2023-01-24,264,12281.4
2023-01-25,246,11893.3
2023-01-26,267,12652.0
2023-01-27,261,12135.8
2023-01-28,181,8590.4
2023-01-29,169,7752.8
2023-01-30,256,11986.1
2023-01-31,250,11921.7
2023-02-01,246,11612.1
2023-02-02,233,11232.3
2023-02-03,257,12602.4
2023-02-04,182,8202.4
2023-02-05,188,9234.1
2023-02-06,241,11141.6
2023-02-07,265,12148.6
2023-02-08,252,11712.8
2023-02-09,263,12564.8
2023-02-10,232,11001.5
2023-02-11,177,8571.1
2023-02-12,202,9450.6
2023-02-13,274,13031.6
2023-02-14,254,11928.6
2023-02-15,261,12298.4
2023-02-16,249,11812.5
2023-02-17,285,13032.3
2023-02-18,201,9362.4
2023-02-19,175,8320.9
2023-02-20,245,11066.5
2023-02-21,277,12751.5
2023-02-22,267,12096.7
2023-02-23,240,11203.6
2023-02-24,280,13517.3
2023-02-25,184,8557.1
2023-02-26,195,9256.4
2023-02-27,262,12283.7
2023-02-28,245,11409.9
2023-03-01,247,11843.2
2023-03-02,251,11903.8
2023-03-03,272,12341.7
2023-03-04,194,8790.7
2023-03-05,190,8808.3
2023-03-06,254,11653.7
2023-03-07,264,12151.1
2023-03-08,253,11957.0
2023-03-09,255,12342.6
2023-03-10,259,11930.8
2023-03-11,178,8319.4
2023-03-12,185,9206.1
2023-03-13,242,11586.5
2023-03-14,279,12953.0
2023-03-15,241,11324.7
2023-03-16,241,11241.4
2023-03-17,241,11771.9
2023-03-18,188,8629.3
2023-03-19,183,8398.7
2023-03-20,260,12404.3
2023-03-21,282,13202.2
2023-03-22,236,11025.2
2023-03-23,252,11640.6
2023-03-24,279,13554.5
2023-03-25,196,8831.2
2023-03-26,184,8998.0
2023-03-27,277,13146.8
2023-03-28,260,11690.9
2023-03-29,253,11846.9
2023-03-30,268,12794.1
2023-03-31,251,11637.2
2023-04-01,166,7811.7
2023-04-02,177,8664.3
2023-04-03,279,13174.9
2023-04-04,254,12418.2
2023-04-05,259,12221.2
2023-04-06,227,10378.0
2023-04-07,253,11860.5
2023-04-08,195,8916.4
2023-04-09,192,8966.8
2023-04-10,255,11635.8
2023-04-11,258,11778.5
2023-04-12,247,11887.4
2023-04-13,274,13057.6
2023-04-14,244,11584.8
2023-04-15,193,9532.6
2023-04-16,190,8805.7
2023-04-17,245,11434.8
2023-04-18,284,13449.1
2023-04-19,262,12342.6
2023-04-20,248,11572.7
2023-04-21,241,11531.1
2023-04-22,190,8910.4
2023-04-23,206,9619.1
2023-04-24,245,11434.9
2023-04-25,227,10436.2
2023-04-26,244,11387.3
2023-04-27,240,11771.9
2023-04-28,253,12167.8
2023-04-29,184,8245.5
2023-04-30,185,8502.4
2023-05-01,255,11483.9
2023-05-02,263,12211.5
2023-05-03,230,10828.6
2023-05-04,260,12509.4
2023-05-05,242,11538.6
2023-05-06,178,8581.2
2023-05-07,182,8635.9
2023-05-08,254,11302.8
2023-05-09,243,11957.3
2023-05-10,258,11928.2
2023-05-11,236,11193.1
2023-05-12,257,11771.7
2023-05-13,193,8852.2
2023-05-14,194,8991.6
2023-05-15,242,11548.0
2023-05-16,235,10799.4
2023-05-17,242,11931.4
2023-05-18,244,12180.6
2023-05-19,288,13581.8
2023-05-20,181,8570.0
2023-05-21,186,8465.1
2023-05-22,279,13131.8
2023-05-23,278,13127.5
2023-05-24,248,11327.2
2023-05-25,280,13334.5
2023-05-26,242,11562.1
2023-05-27,182,8472.2
2023-05-28,195,9366.5
2023-05-29,261,12248.0
2023-05-30,237,10836.0
2023-05-31,261,12400.7
2023-06-01,248,11383.4
2023-06-02,270,13147.8
2023-06-03,195,8992.0
2023-06-04,168,7716.7
2023-06-05,269,12991.9
2023-06-06,260,12573.1
2023-06-07,245,11928.9
2023-06-08,259,12268.0
2023-06-09,256,11637.0
2023-06-10,180,8798.5
2023-06-11,169,8208.1
2023-06-12,268,12559.1
2023-06-13,264,11986.8
2023-06-14,257,12112.6
2023-06-15,243,11473.3
2023-06-16,260,12183.5
2023-06-17,190,9125.2
2023-06-18,200,9233.0
2023-06-19,240,11240.6
2023-06-20,250,11744.7
2023-06-21,241,11659.1
2023-06-22,263,12767.5
2023-06-23,254,12177.5
2023-06-24,172,7989.7
2023-06-25,197,9163.5
2023-06-26,250,12043.3
2023-06-27,264,12645.4
2023-06-28,276,13308.3
2023-06-29,263,12085.9
2023-06-30,260,12474.7
2023-07-01,194,9460.3
2023-07-02,192,8668.7
2023-07-03,247,12043.7
2023-07-04,270,12329.3
2023-07-05,244,11190.9
2023-07-06,238,11220.2
2023-07-07,258,12307.1
2023-07-08,189,8721.4
2023-07-09,193,9310.9
2023-07-10,263,12654.9
2023-07-11,237,10597.5
2023-07-12,242,11219.6
2023-07-13,269,13255.3
2023-07-14,236,11382.6
2023-07-15,196,9282.7
2023-07-16,193,8942.0
2023-07-17,231,11099.2
2023-07-18,247,11611.0
2023-07-19,257,11881.6
2023-07-20,243,11333.3
2023-07-21,283,13067.2
2023-07-22,195,9092.1
2023-07-23,189,8831.9
2023-07-24,288,13807.1
2023-07-25,269,12795.4
2023-07-26,265,13004.5
2023-07-27,249,12595.3
2023-07-28,234,11237.2
2023-07-29,182,8562.8
2023-07-30,184,8442.4
2023-07-31,256,11967.3
2023-08-01,271,12701.5
2023-08-02,258,11957.1
2023-08-03,232,11247.7
2023-08-04,247,11281.8
2023-08-05,204,9444.1
2023-08-06,184,8569.4
2023-08-07,252,11877.5
2023-08-08,236,11211.8
2023-08-09,250,11592.4
2023-08-10,264,12326.2
2023-08-11,268,12222.2
2023-08-12,197,9512.3
2023-08-13,210,10197.8
2023-08-14,239,11307.9
2023-08-15,244,11785.8
2023-08-16,238,11495.0
2023-08-17,251,11341.3
2023-08-18,229,10783.3
2023-08-19,193,8994.7
2023-08-20,186,8536.0
2023-08-21,251,11717.2
2023-08-22,282,12777.2
2023-08-23,253,11153.8
2023-08-24,256,12403.1
2023-08-25,257,11757.7
2023-08-26,188,8810.0
2023-08-27,182,8430.2
2023-08-28,258,11809.1
2023-08-29,267,12606.6
2023-08-30,267,12782.4
2023-08-31,287,13074.1
2023-09-01,246,11682.6
2023-09-02,188,8698.1
2023-09-03,188,9212.6
2023-09-04,252,11614.6
2023-09-05,276,13018.3
2023-09-06,247,11638.6
2023-09-07,251,12031.6
2023-09-08,250,12020.2
2023-09-09,193,8372.7
2023-09-10,181,8751.0
2023-09-11,243,11392.1
2023-09-12,271,12686.4
2023-09-13,265,12380.9
2023-09-14,254,12148.9
2023-09-15,256,11495.3
2023-09-16,190,9522.0
2023-09-17,183,8961.8
2023-09-18,263,12569.5
2023-09-19,233,10301.4
2023-09-20,230,10861.7
2023-09-21,261,12388.2
2023-09-22,248,11564.4
2023-09-23,180,8002.4
2023-09-24,207,10166.7
2023-09-25,268,12514.0
2023-09-26,248,12223.3
2023-09-27,271,12732.5
2023-09-28,264,12739.7
2023-09-29,250,11248.7
2023-09-30,180,8264.0
2023-10-01,189,8768.2
2023-10-02,259,12284.8
2023-10-03,251,11325.3
2023-10-04,256,12162.2
2023-10-05,221,10671.8
2023-10-06,217,10140.4
2023-10-07,193,9119.2
2023-10-08,191,9185.2
2023-10-09,255,11823.1
2023-10-10,262,12371.3
2023-10-11,259,11859.5
2023-10-12,225,10713.6
2023-10-13,247,11665.4
2023-10-14,190,8757.3
2023-10-15,177,8254.0
2023-10-16,245,11650.6
2023-10-17,256,11650.0
2023-10-18,225,10510.3
2023-10-19,270,12369.2
2023-10-20,274,12905.6
2023-10-21,168,7967.7
2023-10-22,175,7863.1
2023-10-23,261,12302.1
2023-10-24,275,13304.5
2023-10-25,267,12959.5
2023-10-26,262,12268.0
2023-10-27,263,11635.8
2023-10-28,178,8385.4
2023-10-29,188,8922.4
2023-10-30,271,12894.6
2023-10-31,246,11500.3
2023-11-01,269,12739.8
2023-11-02,259,12148.0
2023-11-03,258,11370.0
2023-11-04,199,8960.6
2023-11-05,196,9351.4
2023-11-06,272,12759.2
2023-11-07,247,11210.6
2023-11-08,260,12144.9
2023-11-09,270,12568.8
2023-11-10,254,11893.1
2023-11-11,207,9881.5
2023-11-12,184,9292.3
2023-11-13,263,12607.9
2023-11-14,245,11486.2
2023-11-15,236,11432.2
2023-11-16,269,12478.3
2023-11-17,257,11719.6
2023-11-18,188,8801.1
2023-11-19,186,8881.6
2023-11-20,245,11128.6
2023-11-21,248,11309.6
2023-11-22,242,11353.0
2023-11-23,240,11140.3
2023-11-24,267,12176.5
2023-11-25,203,9750.4
2023-11-26,186,8812.8
2023-11-27,253,11891.8
2023-11-28,237,11152.3
2023-11-29,254,12129.8
2023-11-30,260,12135.8
2023-12-01,274,12733.9
2023-12-02,194,8400.6
2023-12-03,181,8274.3
2023-12-04,276,13057.1
2023-12-05,268,12377.8
2023-12-06,267,12853.7
2023-12-07,253,12313.7
2023-12-08,260,11928.2
2023-12-09,197,9453.8
2023-12-10,189,8909.8
2023-12-11,241,11209.7
2023-12-12,284,13849.3
2023-12-13,232,10895.6
2023-12-14,277,12755.2
2023-12-15,264,12433.3
2023-12-16,186,8721.3
2023-12-17,178,8609.0
2023-12-18,264,12219.6
2023-12-19,239,11458.9
2023-12-20,242,11676.2
2023-12-21,232,10981.7
2023-12-22,239,11336.9
2023-12-23,197,9462.3
2023-12-24,184,8757.8
2023-12-25,253,11993.6
2023-12-26,250,11732.9
2023-12-27,269,12275.9
2023-12-28,279,12776.0
2023-12-29,258,12407.0
2023-12-30,162,7469.9
2023-12-31,182,8767.6
2024-01-01,516,23426.2
2024-01-02,491,22810.4
2024-01-03,495,23742.8
2024-01-04,500,22586.9
2024-01-05,464,21274.6
2024-01-06,354,16775.7
2024-01-07,352,16240.9
2024-01-08,502,22472.1
2024-01-09,512,23004.5
2024-01-10,473,22528.0
2024-01-11,471,22274.4
2024-01-12,519,23826.8
2024-01-13,363,17102.8
2024-01-14,362,17081.0
2024-01-15,486,22447.3
2024-01-16,502,22613.0
2024-01-17,490,22166.0
2024-01-18,487,22270.6
2024-01-19,483,22174.2
2024-01-20,365,17100.8
2024-01-21,370,16950.2
2024-01-22,487,22500.3
2024-01-23,500,23329.9
2024-01-24,515,24297.3
2024-01-25,505,23494.4
2024-01-26,487,22624.9
2024-01-27,376,17137.6
2024-01-28,342,16077.8
2024-01-29,519,24339.8
2024-01-30,506,23552.2
2024-01-31,501,22855.3
2024-02-01,490,22655.2
2024-02-02,524,23962.7
2024-02-03,363,16857.8
2024-02-04,356,16587.8
2024-02-05,488,22393.2
2024-02-06,506,23731.8
2024-02-07,541,25297.0
2024-02-08,511,23639.4
2024-02-09,495,22796.9
2024-02-10,365,16773.7
2024-02-11,363,16682.2
2024-02-12,468,21913.9
2024-02-13,496,23169.1
2024-02-14,490,22786.0
2024-02-15,521,24672.9
2024-02-16,520,24215.8
2024-02-17,343,16028.4
2024-02-18,352,16041.6
2024-02-19,485,22260.5
2024-02-20,503,23362.3
2024-02-21,494,23074.9
2024-02-22,501,23493.3
2024-02-23,505,23775.8
2024-02-24,369,17059.3
2024-02-25,361,16766.0
2024-02-26,512,23720.2
2024-02-27,487,22372.4
2024-02-28,476,22063.1
2024-02-29,519,24308.8
2024-03-01,495,23202.1
2024-03-02,343,15786.3
2024-03-03,350,16307.7
2024-03-04,463,21461.2
2024-03-05,471,21709.8
2024-03-06,498,23107.1
2024-03-07,504,23259.9
2024-03-08,488,22377.9
2024-03-09,360,16862.0
2024-03-10,350,15913.4
2024-03-11,489,22586.1
2024-03-12,528,24380.5
2024-03-13,488,22762.4
2024-03-14,473,22570.4
2024-03-15,486,22424.4
2024-03-16,328,15081.5
2024-03-17,344,15472.6
2024-03-18,488,22606.6
2024-03-19,489,22723.0
2024-03-20,500,23387.2
2024-03-21,501,23061.5
2024-03-22,519,23921.5
2024-03-23,345,15726.5
2024-03-24,375,17535.7
2024-03-25,467,21050.0
2024-03-26,487,22462.2
2024-03-27,493,22837.3
2024-03-28,519,24410.7
2024-03-29,504,22795.9
2024-03-30,376,17147.8
2024-03-31,359,16846.5
2024-04-01,483,22145.9
2024-04-02,481,22627.2
2024-04-03,483,22160.8
2024-04-04,488,22699.1
2024-04-05,492,22572.6
2024-04-06,345,16407.2
2024-04-07,353,16364.9
2024-04-08,494,22843.4
2024-04-09,489,23091.9
2024-04-10,490,22437.4
2024-04-11,514,24239.2
2024-04-12,491,23070.0
2024-04-13,337,15571.7
2024-04-14,350,16616.8
2024-04-15,491,23032.7
2024-04-16,505,22784.6
2024-04-17,450,20493.1
2024-04-18,501,23319.5
2024-04-19,536,24372.0
2024-04-20,374,17033.1
2024-04-21,333,15220.5
2024-04-22,484,22202.4
2024-04-23,519,24324.8
2024-04-24,502,23163.4
2024-04-25,505,23330.5
2024-04-26,479,22780.6
2024-04-27,376,17070.3
2024-04-28,370,17296.4
2024-04-29,482,21848.8
2024-04-30,504,22915.6
2024-05-01,497,22690.9
2024-05-02,505,23794.1
2024-05-03,485,22885.4
2024-05-04,362,16850.4
2024-05-05,349,16034.6
2024-05-06,504,22962.8
2024-05-07,479,22045.9
2024-05-08,513,24421.7
2024-05-09,515,24152.3
2024-05-10,471,21684.2
2024-05-11,373,17173.4
2024-05-12,370,17090.1
2024-05-13,505,23923.4
2024-05-14,441,20646.6
2024-05-15,514,23977.1
2024-05-16,492,23004.2
2024-05-17,494,23051.6
2024-05-18,382,17157.7
2024-05-19,380,17654.5
2024-05-20,508,23268.5
2024-05-21,516,23738.7
2024-05-22,493,22733.4
2024-05-23,487,22096.8
2024-05-24,510,23255.8
2024-05-25,368,17397.1
2024-05-26,376,17489.1
2024-05-27,488,22495.2
2024-05-28,483,22991.0
2024-05-29,518,23567.2
2024-05-30,466,21432.2
2024-05-31,461,21858.8
2024-06-01,364,16956.1
2024-06-02,372,17750.2
2024-06-03,519,23801.8
2024-06-04,484,22485.1
2024-06-05,529,24651.4
2024-06-06,499,23188.5
2024-06-07,549,25543.1
2024-06-08,360,16869.3
2024-06-09,351,16391.4
2024-06-10,508,23307.8
2024-06-11,466,21391.1
2024-06-12,502,22866.8
2024-06-13,500,23453.9
2024-06-14,490,22923.4
2024-06-15,379,17887.5
2024-06-16,368,17673.6
2024-06-17,474,22375.5
2024-06-18,487,23072.7
2024-06-19,480,21733.5
2024-06-20,508,24090.3
2024-06-21,501,23902.3
2024-06-22,372,17093.1
2024-06-23,369,16852.9
2024-06-24,509,24151.3
2024-06-25,487,22582.0
2024-06-26,471,21568.1
2024-06-27,487,21792.9
2024-06-28,483,22574.2
2024-06-29,377,17411.6
2024-06-30,361,17089.0
2024-07-01,490,23195.4
2024-07-02,462,21642.9
2024-07-03,511,23593.4
2024-07-04,487,22917.0
2024-07-05,505,22785.0
2024-07-06,374,17343.2
2024-07-07,369,17468.2
2024-07-08,496,23314.7
2024-07-09,479,21256.0
2024-07-10,508,23888.3
2024-07-11,480,21990.2
2024-07-12,525,24291.0
2024-07-13,360,16706.4
2024-07-14,366,16703.8
2024-07-15,483,22419.3
2024-07-16,477,22077.5
2024-07-17,468,21472.6
2024-07-18,480,21480.7
2024-07-19,467,21749.7
2024-07-20,351,16494.7
2024-07-21,360,16680.2
2024-07-22,514,23927.7
2024-07-23,501,23933.4
2024-07-24,493,22691.3
2024-07-25,503,23249.4
2024-07-26,461,20871.2
2024-07-27,381,17511.1
2024-07-28,373,17780.4
2024-07-29,502,23230.6
2024-07-30,475,21984.4
2024-07-31,508,23187.7
2024-08-01,500,22894.6
2024-08-02,520,24092.3
2024-08-03,365,16834.0
2024-08-04,379,17453.6
2024-08-05,482,22731.2
2024-08-06,482,22108.8
2024-08-07,462,21767.2
2024-08-08,501,23709.1
2024-08-09,498,22532.3
2024-08-10,331,15210.8
2024-08-11,364,16546.6
2024-08-12,508,22703.2
2024-08-13,493,22992.7
2024-08-14,499,23104.6
2024-08-15,495,22403.5
2024-08-16,471,21709.5
2024-08-17,348,16442.8
2024-08-18,366,17599.0
2024-08-19,502,23132.9
2024-08-20,489,22735.8
2024-08-21,490,22906.5
2024-08-22,486,22772.3
2024-08-23,494,23048.7
2024-08-24,347,16288.1
2024-08-25,352,16438.3
2024-08-26,514,24503.9
2024-08-27,491,22413.8
2024-08-28,490,22639.1
2024-08-29,466,21402.9
2024-08-30,492,22552.2
2024-08-31,360,15876.1
2024-09-01,329,15457.7
2024-09-02,502,23332.2
2024-09-03,526,25307.6
2024-09-04,459,21808.4
2024-09-05,473,21950.1
2024-09-06,487,22871.4
2024-09-07,372,17723.1
2024-09-08,376,17466.5
2024-09-09,488,22628.5
2024-09-10,504,22846.6
2024-09-11,469,21847.3
2024-09-12,502,24008.8
2024-09-13,495,23613.3
2024-09-14,369,16820.5
2024-09-15,363,17091.6
2024-09-16,459,21116.0
2024-09-17,504,23412.9
2024-09-18,469,21750.9
2024-09-19,477,21793.0
2024-09-20,500,23469.5
2024-09-21,355,16293.3
2024-09-22,347,16533.3
2024-09-23,494,22801.1
2024-09-24,494,22995.1
2024-09-25,500,23270.6
2024-09-26,503,22895.8
2024-09-27,512,23726.1
2024-09-28,350,16551.9
2024-09-29,375,17170.6
2024-09-30,478,21303.6
2024-10-01,560,25668.7
2024-10-02,511,23491.4
2024-10-03,470,21220.4
2024-10-04,498,23590.9
2024-10-05,366,16640.2
2024-10-06,346,15796.8
2024-10-07,491,22704.1
2024-10-08,497,22774.6
2024-10-09,493,22690.9
2024-10-10,540,24694.1
2024-10-11,486,22716.4
2024-10-12,355,16432.6
2024-10-13,382,17950.6
2024-10-14,503,22825.9
2024-10-15,478,22092.2
2024-10-16,512,24508.5
2024-10-17,528,24407.1
2024-10-18,481,22122.0
2024-10-19,370,17356.6
2024-10-20,361,16747.3
2024-10-21,458,20914.2
2024-10-22,472,21891.8
2024-10-23,500,23819.0
2024-10-24,498,22821.7
2024-10-25,522,24430.7
2024-10-26,349,15611.9
2024-10-27,344,15736.1
2024-10-28,500,23545.4
2024-10-29,491,22027.3
2024-10-30,540,24916.0
2024-10-31,452,21155.7
2024-11-01,514,23158.5
2024-11-02,372,17329.8
2024-11-03,377,17520.7
2024-11-04,487,22487.2
2024-11-05,494,22765.5
2024-11-06,476,21937.2
2024-11-07,535,23988.0
2024-11-08,511,23320.9
2024-11-09,364,16768.8
2024-11-10,357,16090.4
2024-11-11,472,21678.6
2024-11-12,492,22755.4
2024-11-13,511,23919.6
2024-11-14,447,21221.7
2024-11-15,516,23812.7
2024-11-16,364,16913.7
2024-11-17,374,17466.6
2024-11-18,501,23214.1
2024-11-19,478,21558.9
2024-11-20,497,23433.5
2024-11-21,499,22821.3
2024-11-22,476,21763.5
2024-11-23,347,16025.1
2024-11-24,372,17233.9
2024-11-25,460,21753.4
2024-11-26,513,23696.7
2024-11-27,508,23310.6
2024-11-28,459,21066.3
2024-11-29,520,24038.6
2024-11-30,388,18258.5
2024-12-01,332,15309.6
2024-12-02,469,21100.0
2024-12-03,484,22268.6
2024-12-04,478,22812.9
2024-12-05,491,22992.8
2024-12-06,506,23638.7
2024-12-07,373,17359.9
2024-12-08,361,16525.0
2024-12-09,520,23838.7
2024-12-10,543,25580.0
2024-12-11,484,23164.4
2024-12-12,490,22165.7
2024-12-13,475,22073.2
2024-12-14,370,17077.8
2024-12-15,352,16321.5
2024-12-16,498,22719.6
2024-12-17,529,24408.6
2024-12-18,513,23535.3
2024-12-19,497,23021.7
2024-12-20,514,23774.1
2024-12-21,360,16894.4
2024-12-22,366,16880.9
2024-12-23,491,23081.4
2024-12-24,528,24009.6
2024-12-25,495,22600.2
2024-12-26,474,22254.9
2024-12-27,495,22772.2
2024-12-28,371,17716.9
2024-12-29,369,17021.1
2024-12-30,496,22151.2
2024-12-31,525,24560.6
